{"cameraMode":{"drawMode":0,"name":"Shaded","section":"Shading Mode"},"sceneLighting":true,"audioPlay":false,"sceneViewState":{"m_AlwaysRefresh":true,"showFog":true,"showSkybox":true,"showFlares":true,"showImageEffects":true,"showParticleSystems":true,"showVisualEffectGraphs":true,"m_FxEnabled":true},"in2DMode":false,"pivot":{"x":4.753211975097656,"y":3.334477663040161,"z":2.6333274841308595},"rotation":{"x":-0.2567995488643646,"y":-0.026963168755173684,"z":0.0071692802011966709,"w":-0.9660757184028626},"size":9.590983390808106,"orthographic":false}